COUNTUNIQUE de Pedido Id,Data - Ano-mês,,,,,,,
Produto - Nome,2025-dez.,2026-jan.,2026-fev.,2026-mar.,2026-abr.,2026-mai.,2026-jun.,Total geral
Selante para Juntas Cimentícias DW240 Flex 400g Branco,25,94,130,384,138,90,,861
Selante para Juntas Cimentícias DW240 Flex 400G - Cinza,,22,87,344,107,57,,617
"Smart Resina, 3-6L, Semi Brilho  Multiuso à Base de Água",59,33,39,53,34,27,2,247
Adesivo de Reparo para Pisos Elastment - SOS Piso 1KG,26,22,48,64,20,19,1,200
LT Shine Película Líquida Zero Mofo 900ML,23,28,26,35,24,39,5,180
Selante para Juntas Cimentícias DW240 Flex 420G - Preto,,,,89,38,19,,146
Umi Block Cristal 250ML,,12,36,17,41,28,,134
Massa Fina Seca Parede 20KG Branco,21,20,18,22,27,22,1,131
Smart Resina 900ML Semi Brilho 5 em 1 Impermeabilizante e Seladora - Alta Resistência à Água,14,12,21,24,18,34,,123
"Smart Resina, 900ML, Fosca  Sela, Impermeabiliza e Protege",10,21,18,21,29,20,1,120
"Drylevis, SOS Concreto, 1L  Impermeabilizante para Concreto e Argamassa",17,24,15,18,21,17,,112
Umi Block Cristal 1L,,9,36,19,25,20,,109
"Smart Resina, 3-6L, Fosca  Multiuso 6 em 1 | Sela, Protege e Regula Brilho, Uso Interno e Externo",25,10,17,32,17,8,,109
Sos Umidade Bisnaga  250G - Bege,14,15,9,28,19,19,,104
LT Shine Fixador de Pedras Soltas Hold Stone 5L,16,20,19,19,20,6,,100
Protelha Fast Tape Cristal,,,,52,41,5,,98
Verniz Madeira Wood Wood Verniz PU 75 900ML,15,22,12,9,9,25,1,93
Hobby Art Decora Pinta Tudo 250ML Branco,15,23,17,19,8,10,,92
"Cimento Autonivelante, 20KG, Cinza - Nivelamento Fácil para Pisos, Secagem Rápida",26,18,17,15,5,10,1,92
Aplicador de Silicone 9 Polegadas Sparta,,,,45,28,12,1,86
LT Shine Resina para Pedras Hold Stone Pro 5L,3,7,7,13,27,25,,82
"LT Shine Microcimento 4,5KG Branco",10,8,11,11,14,23,,77
Elastment Rapid Cure Crack Filler - Preenchedor de Trincas de Concreto em Pó 700G Concreto,22,11,8,11,19,6,,77
Massa Acrílica em Pó - Saco 20KG,12,13,11,17,16,7,,76
LT Shine Pigmento Uma Gota 50ML Preto,15,16,12,10,10,10,,73
LT Shine Grannistone Primer Promotor de Aderência 4KG Off White,10,10,13,10,12,13,,68
LT Shine Fixador de Pedras Hold Stone 1L,9,11,12,17,8,7,,64
Verniz para Madeira á Base Água PU 70 900ML,8,22,3,13,5,12,,63
Cola para Madeira Wood Wood 3 497G,8,13,2,19,9,11,1,63
"Umi Block Cristal 3,6L",1,1,11,34,7,6,,60
LT Shine Microcimento 18KG Branco,11,11,9,10,10,8,,59
LT Shine Grannistone Primer Promotor de Aderência 4KG Bege,5,17,7,13,5,11,1,59
Massa Fina Seca Parede 4KG Branco,13,8,10,14,6,7,,58
"Smart Resina, 18L, Fosca  Primer, Seladora e Verniz Base Água",9,5,8,11,18,5,,56
Tira Tintas 500ML,14,22,7,6,3,3,,55
Limpa Pedras Biodegradável Ivaclean 1L,7,26,8,4,5,4,1,55
"LT Shine Resina 3,6L Fosco",16,9,7,8,8,5,,53
Hobby Art Smart Resina 250ML,9,10,7,11,7,9,,53
Hobby Art Perfect Glass Monocomponente 100G,4,6,8,10,16,8,,52
LT Shine Marmorite 4KG Base,19,14,5,5,6,2,,51
"LT Shine Verniz Para Acabamento LT300 3,5KG Fosco Incolor",5,17,7,10,7,4,,50
LT Shine Resina para Pedras Hold Stone Pro 1L,1,5,7,10,13,14,,50
LT Shine Resina 900ML Semi-Brilho,9,6,7,9,9,10,,50
"Drylevis, SOS Concreto, 200ML  Proteção Duradoura Contra Umidade e Corrosão",8,7,5,12,5,12,,49
LT Shine Acqua Shine 750G - Proteção e Brilho para Marmoratos e Efeitos,5,4,13,8,15,3,,48
Shampoo para Telhas Power Shower 5L Cristal,14,6,5,5,7,10,,47
Massa Acrílica em Pó - Balde 4KG,12,3,9,5,9,9,,47
LT Shine Primer Universal 1KG Gelo ,4,7,8,10,12,5,,46
LT Shine Grannistone Pedras Naturais 25KG Off White,10,8,7,5,8,8,,46
Primer Promotor de Aderência Ultragrip 5KG Cinza,13,11,11,6,1,3,,45
"Porcelanato Liquido Baixa Espessura C/ Endurecedor Kit 1,5KG",7,7,9,7,6,9,,45
"Porcelanato Líquido Atóxico de Baixa Espessura e Baixa Viscosidade 1,280kg Wood Wood",6,12,4,5,6,12,,45
Hobby Art Decora Pinta Tudo 250ML Acqua Marina,5,10,4,10,11,5,,45
Umi Block Cristal C/ Bico Aplicador 500ML,,1,8,7,14,14,,44
"Tira Tintas, Limpador de Cortina de Vidros e Placas Solares Fullvit 1L IvaClean",4,21,7,3,6,3,,44
Removick Removedor de Filme 150ML,3,1,1,17,13,9,,44
LT Shine Grannistone Pedras Naturais 25KG Praia Dourada,4,11,7,10,5,6,1,44
Umi Block Cristal - Impermeabilizante para Pequenos Reparos 250ML,19,24,,,,,,43
"LT Shine Resina 3,6L Brilhante",5,8,6,12,7,5,,43
"Cimento Autonivelante, 20KG,  Branco - Fácil Aplicação, Secagem em 72h, Alta Aderência",7,13,2,10,7,4,,43
"Smart Resina, 250ML, Semi Brilho  Primer, Verniz e Impermeabilizante 5 em 1",9,7,5,4,12,5,,42
Óleo Cristal Wood Wood 900ML,7,10,6,5,5,7,2,42
Hobby Art Decora Pinta Tudo 900ML Branco,10,9,7,8,4,4,,42
Umi Block Cristal - Impermeabilizante para Pequenos Reparos 1L,18,23,,,,,,41
LT Shine Grannistone Pedras Naturais 25KG Castelo de Areia,7,8,3,7,5,11,,41
Hobby Art Decora Pinta Tudo 250ML Larimar,3,15,7,10,4,2,,41
LT Shine Primer Universal 5KG Gelo,6,14,10,7,1,2,,40
LT Shine Grannistone Pedras Naturais 25KG São Gabriel,4,5,3,7,17,4,,40
Kit 2x Sos Umidade Bisnaga 250G - Bege,8,7,7,16,2,,,40
LT Shine Revestimento Concreto Aparente 20KG,2,4,5,2,15,11,,39
LT Shine Grannistone Primer Promotor de Aderência 4KG Cinza Escuro,8,12,1,6,5,7,,39
Drymanta G60 25M x 16CM,2,4,8,11,6,8,,39
LT Shine Pigmento Uma Gota 50ML Azul,9,8,6,3,4,8,,38
"Rufo Líquido 3,6KG Cinza",11,1,14,6,5,,,37
Manta Elástica Impermeabilizante Acrílica Acqua Zero 4KG Branco,9,5,10,6,4,3,,37
Hobby Art Decora Pinta Tudo 250ML Safira,5,9,6,1,9,7,,37
LT Shine Pigmento Uma Gota 50ML Amarelo Óxido,9,4,7,4,3,9,,36
LT Shine Acqua Shine 375G - Proteção e Brilho para Marmoratos e Efeitos,11,10,3,4,5,2,1,36
Hobby Art Decora Pinta Tudo 250ML Verde Oliva,3,10,5,9,6,3,,36
Primer Promotor  de Aderência Ultragrip 1KG Cinza,7,10,4,6,6,1,,34
LT Shine Pigmento Uma Gota 50ML Marrom,6,8,7,4,6,3,,34
"LT Shine Microcimento 4,5KG Arábia",3,4,4,7,9,7,,34
Hobby Art Laca PU 250ML Brilhante,3,5,7,15,3,1,,34
Nex Floor Nivela & Primer - Promotor de Aderência e Autonivelante 4KG Cristal,1,5,5,15,4,3,,33
LT Shine Pigmento Uma Gota 50ML Castanho,8,4,5,5,5,5,1,33
Hobby Art Decora Pinta Tudo 250ML Quartzo Rosa,5,10,8,7,3,,,33
Hobby Art Decora Pinta Tudo 250ML Navarro,8,7,5,7,5,1,,33
"Smart Resina, 18L, Semi Brilho  5 em 1: Primer, Verniz, Seladora, Impermeabilizante e Membrana de Cura",2,10,3,8,2,7,,32
Nex Floor Granito Líquido 4KG Branco Ceará - Cristal,2,11,2,7,3,7,,32
"LT Shine Verniz para Acabamento LT300 Brilhante 3,5KG Incolor ",7,5,5,7,5,2,,31
LT Shine Grannistone Primer Promotor de Aderência 4KG Cinza Claro,7,6,4,1,7,6,,31
LT Shine Pigmento Uma Gota 50ML Branco,6,5,9,5,2,3,,30
Hobby Art Verniz Atóxico 100ML,7,6,3,7,5,2,,30
Hobby Art Decora Pinta Tudo 250ML Garden,7,11,4,3,2,3,,30
LT Shine Pigmento Uma Gota 50ML Vermelho,8,6,5,4,4,2,,29
Hobby Art Cola Gel Decoupage para Papel 100ML,3,3,8,11,2,2,,29
Espuma Turbo DW240 750G - Drylevis,,,4,6,3,16,,29
Limpa Porcelanato Rejunte Desincrustante Concentrado Ivaclean 1L,,12,5,3,6,2,,28
Cimento Elástico Elastment 4KG Cinza,4,7,5,6,2,4,,28
Cera Cristal Wood Wood 900ml,4,6,5,3,6,4,,28
LT Shine Pigmento Uma Gota 50ML Amarelo,8,7,4,1,3,4,,27
LT Shine Marmorite Cera de Carnaúba 200G,8,2,7,6,1,3,,27
LT Shine Grannistone Pedras Naturais 25KG Cinza São Paulo,6,7,2,3,5,4,,27
LT Shine Fixador de Pedras Soltas Hold Stone 500ML,3,2,6,9,6,1,,27
LT Shine Cera Atóxica de Acabamento 700G,5,6,3,7,4,2,,27
Cimento Elástico Elastment 20KG Cinza,1,,8,11,4,3,,27
LT Shine Microcimento 18KG Arábia,11,2,1,2,7,3,,26
Hobby Art Decora Pinta Tudo 250ML Preto,6,7,6,4,1,2,,26
LT Shine Grannistone Pedras Naturais 25KG Branco Dallas,2,6,2,6,7,2,,25
Hobby Art Decora Pinta Tudo 250ML Areia Intensa,9,4,4,2,5,1,,25
"Elastment Vitro Impermeabilizante Incolor 3,6KG",2,6,7,8,,2,,25
Cera Cristal Tripla Ação  Wood Wood 200G,3,5,5,2,4,4,2,25
LT Shine Pigmento Uma Gota 50ML Jade,5,6,6,1,4,2,,24
Cola Extra Forte Ac 6000 - 400g,2,5,3,4,2,7,1,24
Selante Acrílico Zero Trinca 420G,4,2,3,5,3,6,,23
Rolo Fura Bolha 18MM C/ Cabo Compel,6,8,4,3,1,1,,23
LT Shine Marmorite Veneziano 4KG Base,9,4,4,4,2,,,23
LT Shine Grannistone Pedras Naturais 25KG Cinza Andorinha,6,6,3,,4,4,,23
Hold Stone Carpet 15KG Micro Seixos Rio Prata 2 a 5mm,,7,2,3,11,,,23
Hobby Art Perfect Glass Resina Monocomponente 500G,,3,6,5,4,5,,23
Hobby Art Laca PU 100ML Fosco,4,4,2,7,3,3,,23
"Porcelanato Líquido Atóxico de Baixa Espessura e Média Viscosidade 1,280kg Wood Wood",4,7,1,6,1,3,,22
Hobby Art Laca PU 250ML Fosco,2,4,7,6,3,,,22
Hobby Art Concrete Design 1KG Branco,5,1,,6,3,7,,22
Elastment Rapid Cure Crack Filler - Preenchedor de Trincas de Concreto em Pó 700G Branco,,2,3,4,4,9,,22
Tinta Elástica Smart Color fosco Gelo 3.6L,3,3,2,5,5,3,,21
"LT Shine Verniz Para Acabamento LT300 3,5KG Fosco Branco",5,,7,2,4,3,,21
LT Shine Grannistone Pedras Naturais 25KG Cinza Garoa,6,4,2,2,6,1,,21
Limpa Pedras Biodegradável Ivaclean 5L,2,5,5,3,2,4,,21
Kit 4x Sos Umidade Bisnaga 250G - Bege,,9,4,3,5,,,21
"Rufo Líquido 3,6KG Branco",1,5,10,1,2,1,,20
Hidrofugante para Gesso - Sos Gesso 1litro,3,4,2,6,2,3,,20
Disco de Lixa Abranet Ace 6 ''/ 150MM P1000 Mirka - 1 un ,1,1,4,3,8,3,,20
Removick Removedor de Filme 900ML,3,5,2,3,3,3,,19
Pistola Aplicadora para Espuma Expansiva Sparta,,,2,2,2,13,,19
"Nex Floor Granito Líquido 1,250KG Branco Ceará - Cristal",,3,2,6,6,2,,19
LT Shine Pigmento Uma Gota 50ML Café Arábica,5,6,3,,2,3,,19
LT Shine Grannistone Pedras Naturais 5KG Castelo de Areia,5,4,1,5,3,1,,19
LT Shine Fixador de Pedras Soltas Hold Stone 20L,6,3,3,6,1,,,19
Hobby Art Decora Pinta Tudo 900ML Verde Oliva,9,5,1,2,1,1,,19
Elastment Vitro Impermeabilizante Incolor 500G,5,3,1,3,2,5,,19
Disco de Lixa Abranet Ace 6 ''/ 150MM P600 Mirka - 1 un ,,,4,3,8,4,,19
"Umi Block Cristal - Impermeabilizante para Pequenos Reparos 3,6L",12,6,,,,,,18
Tinta Elástica Smart Color fosco Branco  3.6L,5,,1,4,1,7,,18
LT Shine Pigmento Uma Gota 50ML Verde,4,5,2,2,2,3,,18
Impermeabilizante SOS Concreto Hard Structural 2L,2,3,3,4,3,3,,18
Hobby Art Decora Pinta Tudo 900ML Acqua Marina,3,2,5,4,1,3,,18
Disco de Lixa Abranet Ace 6 ''/ 150MM P800 Mirka - 1 un ,1,1,5,1,7,3,,18
"Disco de Lixa Abralon 6 / 150MM 3000 Mirka - 1 un """,3,2,5,3,5,,,18
Bico Injetor Veipar,,,2,11,4,1,,18
Primer Promotor de Aderência PR10 Incolor 150ML,,1,2,7,3,4,,17
Hobby Art Laca PU 100ML Brilhante,2,4,5,3,2,1,,17
Hobby Art Decora Pinta Tudo 250ML Lavanda,,4,1,7,2,3,,17
Desempenadeira Inox Trapezoidal Roma,,7,2,1,3,4,,17
"Cola para Madeira Wood Wood 3 1,1KG",4,6,3,1,3,,,17
"Porcelanato Liquido Alta Espessura C/ Endurecedor Kit 1,340KG",2,3,5,2,3,1,,16
Massa Flex Tapa Tudo 5000 - 90G,3,2,2,4,4,1,,16
Manta Elástica Impermeabilizante Acrílica Acqua Zero 20KG Branco,2,5,1,2,3,3,,16
LT Shine Grannistone Pedras e Cristais 25KG Cristal,1,4,7,,1,3,,16
Hobby Art Decora Pinta Tudo 30ML Branco,2,5,4,2,2,1,,16
Disco de Lixa Abranet Ace 6 ''/ 150MM P400 Mirka - 1 un ,,1,3,2,7,3,,16
Verniz para madeira á Base Àgua PU Q10 Fosco 900ML,4,2,3,2,,4,,15
Pincel Silicone Wood Wood,1,1,3,5,3,2,,15
Massa Anti Trinca para Superfícies Cimentícia Highflex 4kg,2,1,7,2,3,,,15
LT Shine Pigmento Uma Gota 50ML Laranja,3,5,1,3,2,1,,15
LT Shine Grannistone Primer Promotor de Aderência 4KG Preto,2,2,5,,3,3,,15
LT Shine Cortina Líquida 250ML,6,3,2,4,,,,15
Fita Multiuso Líquida para Telhados SOS Telhas 900G Cinza,3,2,3,3,1,3,,15
Antiderrapante Líquido Contra Quedas 250G Incolor,,4,1,6,1,3,,15
Verniz Cristal  Incolor Atóxico Wood Wood 900ML,2,2,1,6,3,,,14
Tinta Elástica Smart Color  Semi Brilho  Branco Neve   3.6L,,4,3,2,3,2,,14
LT Shine Cold Transfer Metallic - Folha de Transferência 10cmx5m Ouro,5,,2,3,4,,,14
Limpa Cerâmica Desincrustante Ivaclean 1L,2,6,2,,1,3,,14
Hidrofugante para Madeira  Shield Protector 900ml,2,3,5,2,1,1,,14
Hidrofugante Dry Full 200ML,2,1,3,2,4,2,,14
Elastment Smart Cimento Massa Design 20KG Branco,3,5,4,,,2,,14
Disco de Lixa Abranet Ace 6 ''/ 150MM P320 Mirka - 1 un ,2,3,3,1,3,2,,14
Borrifador Manual de Compressão Prévia 2L Bestfer,2,1,1,2,5,3,,14
Tinta Impermeabilizante Protelha Plus Semi Brilho 18L Cor Cerâmica Telha,2,3,1,2,3,2,,13
Rolo de Pintura Lã Sintética 15cm Atlas ,1,8,1,3,,,,13
"Pulo do Gato Crack Filler Stop Trincas, 700G Concreto - Pó Reparador para Rachaduras de Alvenaria",5,1,1,4,1,1,,13
Promotor de Aderência Ultragrip Smooth 900ml,1,4,4,,,4,,13
Nex Floor Granito Líquido 4KG Cinza Corumbá - Cristal,1,2,6,2,2,,,13
"Nex Floor Granito Líquido 1,250KG Cinza Corumbá - Cristal",,1,5,6,1,,,13
"LT Shine Microcimento 4,5KG Cinza Médio",,1,3,3,2,4,,13
LT Shine Microcimento 18KG Cinza Ghost,1,8,1,2,,1,,13
LT Shine Grannistone Pedras Naturais 5KG Off White,2,3,,4,1,3,,13
Kit Cola para Madeira Wood Wood 3 497G - 2 unidades,1,3,5,3,1,,,13
Hold Manta - Manta Estruturante para Jardim 1M x 25M,,1,8,3,,1,,13
Hobby Art Decora Pinta Tudo 30ML Safira,1,3,4,1,1,3,,13
Desempenadeira de Aço Inox para Efeitos Decorativos Roma,2,,4,1,2,4,,13
Tinta Elástica Smart Color Fosco Branco 18L,3,,2,3,3,1,,12
Massa Flex Tapa Tudo 5000 - 340G,1,3,2,1,2,3,,12
Massa Flex Reparo Fácil  para Madeira BRANCA - 90g,6,5,,,,1,,12
Massa Acrílica em Pó - Balde 18KG,1,3,5,,1,2,,12
Manta Elástica  Impermeabilizante Acrílica Acqua Zero 20kg  Cinza,,2,4,1,4,1,,12
Magic Imper Super Selante 250G,3,5,1,2,1,,,12
LT Shine Pigmento Uma Gota 50ML Violeta,4,1,1,1,1,4,,12
LT Shine Marmorite 4Kg Branco Supremo,1,,4,3,4,,,12
LT Shine Grannistone Pedras Naturais 25KG Cinza Grafite,1,2,,4,1,4,,12
Hold Manta - Manta Estruturante para Jardim 1M x 5M,1,4,4,2,1,,,12
Hold Manta - Manta Estruturante para Jardim 1M x 1M,,8,1,1,1,1,,12
Hobby Art Decora Pinta Tudo 30ML Acqua Marina,2,5,3,2,,,,12
Hobby Art Decora Pinta Tudo 250ML Verde Pastel,1,3,2,3,2,1,,12
"Gessonato Hobby Art - Kit 1,33KG",2,,1,2,7,,,12
Elastment Rapid Cure Crack Filler - Preenchedor de Trincas de Concreto em Pó 700G Asfalto,5,,2,1,4,,,12
Concre Fast 4KG,6,1,2,,2,1,,12
Cola Piso Vinílico e Emborrachado AC10000 4KG,3,5,1,,1,2,,12
Cola para Madeira Wood Wood 3 100G,3,3,1,1,4,,,12
Argamassa de Revestimento Skim Coat Cristal 20KG,4,2,,3,1,2,,12
Umi Block Cristal C/ Bico Aplicador - Impermeabilizante para Pequenos Reparos 500ML,7,4,,,,,,11
Selante Acrílico Zero Trinca 1KG,1,1,2,1,3,3,,11
Protelha Fast Cristal 380G Cinza,,,,2,8,1,,11
LT Shine Marmorite Floor Branco 4Kg,2,5,1,2,1,,,11
Kit Marceneiro 6 - Verniz PU 70 900ML + Rolo de Espuma 5CM Condor,1,4,3,1,2,,,11
Hobby Art Decora Pinta Tudo 900ML Navarro,5,1,2,1,1,1,,11
Hobby Art Decora Pinta Tudo 250ML Rosa Retrô,1,4,2,1,1,2,,11
Gel Impregnante Hidrofugante SOS Concreto 900ML,5,1,1,,3,1,,11
Cimento Elástico Elastment Transit 4KG Cinza,4,,,7,,,,11
Cimento Elástico Elastment Transit 18KG Cinza,1,,4,6,,,,11
Tinta Elástica Smart Color Semi Brilho Branco 18L,3,2,1,3,,1,,10
Tinta Elástica Smart  Color Fosco Gelo 18L,1,,4,1,2,2,,10
Rufo Líquido 900G Cinza,,3,2,3,1,1,,10
Rufo Líquido 900G Branco,1,,5,3,,1,,10
Rolo de Espuma 5cm Condor,2,4,4,,,,,10
LT Shine Revestwall 20KG Bege,2,2,3,,3,,,10
LT Shine Piso Liquido Cimentício Autonivelante 20KG Cinza,1,1,3,3,,2,,10
LT Shine Marmorite Veneziano 4KG Branco,1,3,2,4,,,,10
LT Shine Grannistone Pedras Naturais 5KG Praia Dourada,,1,3,1,4,1,,10
Kit Limpador Multiuso Fullvit 1L + Borrifador Manual de Compressão 2L,1,5,3,,1,,,10
Kit Desempenadeira para Efeitos Decorativos + Desempenadeira Trapezoidal Roma,2,4,2,2,,,,10
Kit 100x Proteção De Parafuso Premium Protelha Alumínio Fast Cristal,,,,2,8,,,10
Hobby Art Decora Pinta Tudo 30ML Quartzo Rosa,1,2,4,2,1,,,10
Hobby Art Decora Pinta Tudo 30ML Larimar,1,3,6,,,,,10
Fita Multiuso Líquida para Telhados - SOS Telhas 900G Branco,3,3,,3,1,,,10
Drymanta G60 25M,,1,1,2,2,4,,10
Drymanta  G60 5M x 16 CM,2,,2,2,1,3,,10
"Disco de lixa Abralon 6 / 150MM 1000 Mirka - 1 un """,2,3,3,1,,1,,10
Convertedor de Ferrugem SOS Ferrugem 1KG Black Base água,1,2,4,2,1,,,10
Antiderrapante Líquido Contra Quedas 1KG Incolor,1,3,,3,1,1,1,10
Tinta Smart Color Semi Brilho Branco  3.6L,1,,2,,6,,,9
"Tinta Elástica Smart Color Semi Brilho Branco 3,6L",,2,2,1,2,2,,9
Tinta Elástica Smart Color fosco  Branco Neve 3.6L,1,,3,1,1,3,,9
Nex Floor Granito Líquido 4KG Cinza Andorinha - Cristal,,1,,2,2,4,,9
Massa Flex Reparo Fácil  para Madeira PEROBINHA - 90g,1,2,4,,1,1,,9
LT Shine Piso Liquido Cimentício Autonivelante 20KG Off White,,,2,2,1,3,1,9
LT Shine Microcimento 18KG Cinza Médio,,1,3,3,2,,,9
LT Shine Microcimento 18KG Cinza Claro,3,,1,,2,3,,9
LT Shine Marmorite 1Kg Branco Supremo,3,,1,,3,2,,9
LT Shine Grannistone Pedras Naturais 25KG Cinza Corumbá,2,,1,1,2,3,,9
Limpador de Superfícies TF Clean 200ML,3,1,,1,1,3,,9
Kit LT Shine Pigmento Uma Gota 50ML - 11 Cores,3,2,2,1,1,,,9
KIT Efeito Mármore Parede 2,2,,,,7,,,9
Kit de Lixas P320 / P400 / P600 / P1000 / P3000 + Suporte para Disco de Lixa com Velcro e Adaptador 150MM Bestfer,8,,,1,,,,9
"Hold Stone Pro Carpets - Revestimento de Pedras Naturais para Pisos 20,8KG Jaspe Cinza",1,2,1,4,,1,,9
Hold Stone Clean Tool Limpador de Espátula 1L,,1,,1,6,1,,9
Hobby Art Decora Pinta Tudo 900ML Safira,3,2,1,,,3,,9
Hobby Art Decora Pinta Tudo 30ML Sunshine,3,1,2,,1,2,,9
Hobby Art Decora Pinta Tudo 30ML Garden,1,2,1,1,,4,,9
Hobby Art Decora Pinta Tudo 250ML Azul Celeste,1,,1,5,2,,,9
Hidrofugante Dry Full 800ML,5,2,,1,,1,,9
Espátula de Aço Cromada 75MM Roma,1,,2,,2,4,,9
Elastment Desmolde Fácil 500ML,1,3,2,3,,,,9
"Disco de Lixa Abralon 6 / 150MM 2000 Mirka - 1 un """,3,1,1,1,3,,,9
Conversor de Ferrugem Ultrafer 1L - Pulo do Gato,2,1,2,2,,2,,9
Argamassa de Regularização Rapid Cure 4KG Elastment,,,4,,1,4,,9
Tinta Elástica Smart Color Fosco Algodão Egipício 18L,,3,2,1,,2,,8
Tinta Elástica Smart Color fosco Algodão Egípcio 3.6L,1,1,,1,5,,,8
Super Cola Gel 100G Wood Wood,,2,1,2,2,1,,8
"Rufo Líquido 3,6KG Cerâmica Telha",,,3,4,1,,,8
Resina Multiuso Tech Resina 1L - Pulo do Gato,3,2,2,,,1,,8
Pincel Artístico Redondo Fino e Linear 422-2 Condor,3,,,3,2,,,8
"Nex Floor Granito Líquido 1,250KG São Gabriel - Cristal",2,2,,2,,2,,8
Massa Flex Reparo Fácil  para Madeira MARFIM - 90g,,2,3,,2,1,,8
Massa Flex Reparo Fácil  para Madeira CUMARÚ - 90g,1,1,4,2,,,,8
LT Shine Pasta Metalizada Ouro 200g,1,1,3,2,1,,,8
"LT Shine Microcimento 4,5KG Cinza Granizo",2,1,2,1,1,1,,8
"LT Shine Microcimento 4,5KG Cinza Ghost",1,,3,2,1,1,,8
"LT Shine Microcimento 4,5KG Cinza Claro",1,,5,1,1,,,8
LT Shine Grannistone Pedras e Cristais 5KG Cristal,1,1,3,1,,2,,8
Kit Óleo Cristal 900ML + Cera Tripla Ação 200ML Wood Wood,4,,2,2,,,,8
Kit Multi Aplicação Selantes e Bisnagas 1 Bico aplicador + 1 Tampa Duramais Drylevis,,,,3,5,,,8
Kit Cola para Madeira Wood Wood 3 497G - 3 unidades,1,4,,2,1,,,8
Hobby Art Decora Pinta Tudo 900ML Areia Intensa,1,3,1,1,,2,,8
Hobby Art Decora Pinta Tudo 30ML Rosa Retrô,1,2,2,,,3,,8
Hobby Art Decora Pinta Tudo 30ML Lavanda,1,,,2,1,4,,8
Hobby Art Decora Pinta Tudo 30ML Areia Intensa,1,2,1,,2,2,,8
Hobby Art Decora Pinta Tudo 250ML Vermelho Cardinal,2,2,3,1,,,,8
Hobby Art Decora Pinta Tudo 250ML Sunshine,3,1,3,1,,,,8
Fita Multiuso Líquida para Telhados SOS Telhas 900G Cerâmica Telha,3,2,2,,1,,,8
Drymanta G60 20M,,,7,1,,,,8
Cera de Carnaúba Automotiva Líquida Auge 270ML - Creme,3,1,2,1,1,,,8
Base Coat Cimentício 20KG,1,2,2,,2,1,,8
"Acqua Shine 400G Atóxico Wood Wood - Proteção, Brilho e Acabamento",,2,,2,1,3,,8
"Acqua Shine 370G Atóxico Wood Wood - Proteção, Brilho e Acabamento",2,6,,,,,,8
"Verniz Pu Manta Líquida Zero Obra Elastment 3,5kg Cinza Escuro",,4,1,2,,,,7
Tinta Elástica Smart Color fosco Palha 3.6L,3,1,,2,1,,,7
Tinta Elástica Smart Color fosco   Areia 3.6L,,1,1,2,1,2,,7
Tela de Fibra de Vidro Dryfit Plus Branco 100MM X 50M,,3,1,2,,1,,7
Removick Removedor de Sublimação 150ML,,1,,3,,3,,7
Nex Floor Granito Líquido 4KG São Gabriel - Cristal,3,1,1,1,,1,,7
"Nex Floor Granito Líquido 1,250KG Cinza Andorinha - Cristal",2,1,2,1,1,,,7
Massa Flex Reparo Fácil  para Madeira IMBUIA - 90g,1,1,3,,1,1,,7
Massa Fina Seca Parede 12KG Branco,,2,2,,2,1,,7
LT Shine Revestwall 20KG Branco,3,1,1,2,,,,7
LT Shine Massa Niveladora 25KG,1,1,,1,2,2,,7
"LT Shine Marmorite Floor Bi Componente 4,5KG Branco",2,2,,3,,,,7
LT Shine Grannistone Pedras Naturais 5KG São Paulo,,,4,,2,1,,7
LT Shine Grannistone Pedras Naturais 5KG Cinza Corumbá,1,3,1,1,1,,,7
LT Shine Fixador de Pedras Soltas Hold Stone 500ML + Refil de 5L,4,1,2,,,,,7
Kit Tratamento de Umidade para Pressão Positiva c/ Tinta Smart Color Semi Brilho - 4m²,6,1,,,,,,7
Kit Massa Tapa Tudo 5000 90G - 2 unidades,1,2,,3,1,,,7
Kit Limpador Multiuso Fullvit 1L + Borrifador 1L c/ Pulverizador,1,6,,,,,,7
Kit de Pincéis Prático Condor,5,1,,1,,,,7
Kit 8x Sos Umidade Bisnaga 250G - Bege,,2,1,4,,,,7
Kit 10x Sos Umidade Bisnaga  250G - Bege,2,2,,1,2,,,7
Kit 100x Proteção De Parafuso Veipar,,,,4,2,1,,7
Hobby Art Decora Pinta Tudo 900ML Metalizado Dourado,1,,2,1,2,1,,7
Hobby Art Decora Pinta Tudo 30ML Navarro,2,2,,1,1,1,,7
"Fita Multiuso Líquida para Telhados - SOS Telhas 3,6KG Branco",,,2,2,2,1,,7
Drytherm XPS Eco 1000X600X20MM,1,,1,3,2,,,7
Cimento Branco Estrutural Egípcio Cbp 40 - 20KG,,2,2,1,2,,,7
"Chapisco Flex Elastment 3,6KG",,1,4,,,2,,7
"Verniz Pu Manta Líquida Zero Obra Elastment 3,5KG Fosco Incolor",1,1,2,1,1,,,6
Tinta Elástica Smart Color fosco Camurça  3.6L,1,,2,1,2,,,6
Tinta Elástica Smart Color  Semi Brilho Verde Selva  3.6L,,,,4,1,1,,6
Rufo Líquido 900G Cerâmica Telha,2,3,,1,,,,6
Protelha Powerlastic 18L Branco,1,2,,,2,1,,6
Primer Promotor de Aderência Transfix para Vidro TF300 150ML,1,1,,3,1,,,6
Manta Elástica Impermeabilizante Acrílica Acqua Zero 12KG Branco,1,1,,1,2,1,,6
LT Shine Resina 18L Semi-Brilho,,,,3,1,2,,6
LT Shine Massa Niveladora 5KG,,2,1,1,,2,,6
LT Shine Grannistone Pedras Naturais 5KG Grafite,,1,1,4,,,,6
LT Shine Grannistone Pedras Naturais 25KG Branco Serena,,1,1,3,,1,,6
LT Shine Grannistone Pedras e Cristais 25KG Preto Ônix,,,3,1,2,,,6
LT Shine Fixador de Pedras Soltas Hold Stone 500ML + Refil de 1L,2,3,1,,,,,6
LT Shine Cortina Líquida 900ML,1,2,1,1,1,,,6
Lixa para Madeira e Massa Condor - Grão 60,4,2,,,,,,6
Lixa para Madeira e Massa Condor - Grão 150,3,1,1,1,,,,6
Limpa Telhas Dubom 25L,,5,1,,,,,6
Kit Madeira 5 - Cola Wood Wood 497G + Verniz PU 70 900ML,2,3,1,,,,,6
Kit Limpa Pedras Biodegradável Ivaclean 1L - 2 unidades,1,1,,4,,,,6
Hobby Art Decora Pinta Tudo 900ML Quartzo Rosa,,,1,1,4,,,6
Hobby Art Decora Pinta Tudo 900ML Preto,5,,,,,1,,6
Hobby Art Decora Pinta Tudo 900ML Larimar,2,3,,,1,,,6
"Fundo Preparador Incolor 3,6L",3,,,2,,1,,6
Fita Telada Fibatape 45M x 48MM Adfors,2,,2,1,,1,,6
"Fita Multiuso Líquida para Telhados - SOS Telhas 3,6KG Cerâmica Telha",1,,1,,1,3,,6
Fita Multiuso Líquida para Telhados - SOS Telhas 18KG Cinza,,,1,5,,,,6
Espátula Artística Metal Condor,4,,2,,,,,6
"Elastment Sos Umidade Bloco 2,4L",,,,,3,3,,6
"Cimento Queimado Elastment Marfim 4,5kg",,,6,,,,,6
Argamassa de Preparação 10KG,,1,1,1,2,1,,6
Aplicador de silicone 9 polegadas (Ferro) Bestfer,1,2,3,,,,,6
Aditivo para Concreto Tech Concreto 150G - Pulo do Gato,1,,1,2,1,1,,6
"Verniz Pu Manta Líquida Zero Obra Elastment 3,5kg Branco",1,2,,,,2,,5
Tinta Elástica Smart Color Semi Brilho  Areia  3.6L,2,2,,1,,,,5
Tinta Elástica Smart Color Fosco Elefante 18L,1,,1,,2,1,,5
Tinta Elástica Smart Color Fosco Branco Neve 18L,1,,1,,3,,,5
Tinta Elástica Smart Color  Semi Brilho Algodão Egípcio 3.6L,,2,,,1,2,,5
Tinta Elástica Smart Color  Semi Brilho  Gelo  3.6L,1,,,1,2,1,,5
Tinta Elástica Smart  Color Fosco Pêssego 18L,,,,4,1,,,5
Super Cola Ultra Fast 100G Wood Wood,,,1,2,1,1,,5
SOS Gesso Retardante de Pega Liso Perfect Finish  250 ml,2,1,,2,,,,5
Selante para Colagem e Vedação PU 40 360G Branco - Pulo do Gato,,,,3,1,1,,5
Selante para Colagem e Vedação PU 40 360G - Pulo do Gato,,5,,,,,,5
Rejunte Elástico Elastment 420G Platina,,2,1,,,2,,5
Rejunte Elástico Elastment 420G Cinza Artico,1,1,1,,1,1,,5
Rejunte Elástico Elastment 420G Branco,,2,1,,1,1,,5
Protelha Powerlastic 18L Cinza ,1,,,1,1,2,,5
Primer Promotor de Aderência Transfix para metal TF100 150ML,,2,,3,,,,5
Primer Promotor  de Aderência Ultragrip 20KG Cinza,1,1,,,3,,,5
Primer para Alúminio Smart Primer 900ML,,1,4,,,,,5
Politriz 1200W / 127V Schulz,3,,,2,,,,5
Papel Transfer Chinelos - 100 Folhas,1,,1,3,,,,5
Molde de Silicone para Vaso de Suculenta com 3 recipientes - Cor Vermelho,1,1,,2,,1,,5
Massa Niveladora 5KG,1,2,1,,1,,,5
Massa Flex Reparo Fácil  para Madeira CEREJEIRA - 90g,,2,2,,,1,,5
Manta Estruturante Tech Manta 16cmx25m - Pulo do Gato,,2,,1,1,1,,5
Manta Estruturante para Telhado - Drymanta 25M,,1,1,1,2,,,5
LT Shine Verniz Monocomponente  LT200 900ML,3,1,,,1,,,5
LT Shine Revestwall 5KG Bege,5,,,,,,,5
LT Shine Resina 18L Fosco,,,1,2,1,1,,5
LT Shine Microcimento 18KG Cinza Granizo,,1,1,1,1,1,,5
LT Shine Grannistone Primer Promotor de Aderência 4KG Azul Safira,1,2,,1,1,,,5
LT Shine Grannistone Fine P/ Trafego Intenso e Área Molhada 5KG Luna,,,,,3,2,,5
LT Shine Cold Transfer Metallic - Folha de Transferência 10cmx5m Bronze,,,2,,3,,,5
Lixa para Madeira e Massa Condor - Grão 220,1,1,1,,1,1,,5
Lixa para Madeira e Massa Condor - Grão 100,1,,2,1,1,,,5
Kit Limpa Pedras Biodegradável Ivaclean 1L - 5 unidades,,,,5,,,,5
Kit Cola para Madeira Wood Wood 3 497G - 4 unidades,1,,1,3,,,,5
"Hold Stone Pro Carpets - Revestimento de Pedras Naturais para Pisos 20,8KG Âmbar",,3,,1,,1,,5
Hobby Art Decora Pinta Tudo 900ML Garden,,,1,1,,3,,5
Hobby Art Decora Pinta Tudo 30ML Vermelho Cardinal,,,,,1,4,,5
Hobby Art Concrete Design 1KG Cinza,3,,,1,,1,,5
"Fita Multiuso Líquida para Telhados - SOS Telhas 3,6KG Cinza",,,2,1,,2,,5
Espátula Redonda para Balde Condor,,,5,,,,,5
Drymanta G60 4M,2,,2,1,,,,5
Disco de Lixa Abranet Ace 6 ''/ 150MM P180 Mirka - 1 un ,1,1,1,1,1,,,5
Desempenadeira Mirox 35CM Mirka,,,4,1,,,,5
Boina de Espuma Amarela Waffle para Polimento 150MM Mirka,5,,,,,,,5
Blinda Umidade Inject Gel 250G - Pulo do Gato,,1,,1,1,2,,5
Base Coat Render Pronto para Placa Cimentícia Zero Trinca 25kg,,1,1,,3,,,5
Argamassa de Regularização Rapid Cure 20KG Elastment,,,4,,,1,,5
Agente Fixador Sand & Stone 5L Cristal,,2,1,1,1,,,5
"Verniz Pu Manta Líquida Zero Obra Elastment 3,5KG Fosco Cinza Escuro",1,,,3,,,,4
Tinta Removível Skin Color Cristal 900ML Branco,2,2,,,,,,4
Tinta Elástica Smart Color Fosco Palha 18L,,1,,1,1,1,,4
Tinta Elástica Smart Color fosco Elefante 3.6L,2,,1,,,1,,4
Tinta Elástica Smart Color fosco Azul Oceano 3.6L,1,1,1,,1,,,4
Tinta Elástica Smart Color Fosco 18L Areia,,4,,,,,,4
Tinta Elástica Smart Color fosco  Preto 3.6L,1,,,,3,,,4
Tinta Elástica Smart Color fosco  Fendi 3.6L,3,,,,1,,,4
Tinta Elástica Smart Color fosco  Creme de Avelã 3.6L,,,,1,2,,1,4
Super Cola Ultra Fast 20G Wood Wood,1,1,,,1,1,,4
Super Cola Gel 20G Wood Wood,,2,1,1,,,,4
"Smart Resina 500ML Semi Brilho  Impermeabilizante 5 em 1, Primer, Verniz e Seladora para Madeira, Gesso e Concreto",1,,2,,,1,,4
Smart Coat Brilhante 200ML,,4,,,,,,4
Shampoo para Telhas Power Shower 1L Cristal,,,,,2,2,,4
Selante para Colagem e Vedação PU 40 360G Cinza - Pulo do Gato,,,,,3,1,,4
Selante Acrílico para Trincas e Fissuras Zero Trinca 420G -  3 unidades,1,1,,2,,,,4
Selante  Acrílico Zero Trinca 5KG,2,,,1,1,,,4
Saco de Pedras Hold Stone Garden Color Stone Seixo Pedra Âmbar 25KG,,,,1,3,,,4
"Resina Multiuso Tech Resina 3,6L - Pulo do Gato",1,1,1,,,1,,4
Removick Removedor de Transfer  150ml,1,,,2,1,,,4
Removedor de Colas e Adesivos Xô Cola 500ML - Cristal,,,,,,4,,4
Primer Promotor de Aderência para Plástico TF200 900ML,1,,,1,1,1,,4
Primer Promotor de Aderência para plástico TF200 150ML,2,,1,1,,,,4
Primer para Gravações a Laser TF700 150ML,,1,2,,,1,,4
Mini Prensa Plana Térmica 220V,,4,,,,,,4
Massa Flex Reparo Fácil  para Madeira CASTANHO - 90g,,1,1,,1,1,,4
LT Shine Primer Universal 20KG Gelo,,1,,1,1,1,,4
"LT Shine Microcimento 4,5KG Kalahari",3,1,,,,,,4
LT Shine Microcimento 18KG Javier,,,2,1,1,,,4
LT Shine Microcimento 18KG Iva,,,,,4,,,4
LT Shine Grannistone Primer Promotor de Aderência 4KG Citrino,,2,1,,1,,,4
LT Shine Grannistone Pedras Naturais 5KG Cinza Garoa,1,,1,,1,1,,4
LT Shine Grannistone Pedras Naturais 25KG Ouro Brasil,1,2,,,,1,,4
"LT Shine Cimento Queimado Turmalina Negra 1,3Kg",4,,,,,,,4
"LT Shine Cimento Queimado Off White 2,5Kg",,3,,1,,,,4
Lixa para Madeira e Massa Condor - Grão 80,2,1,1,,,,,4
Limpador e Removedor de Espuma PU Sieger 500ml,,,2,1,1,,,4
"Kit Lixas para Preparação de Marmorato 6 150MM - P320 / P400 / P600 / P1000 Mirka""",1,1,2,,,,,4
KIT Limpador de Superfícies TF Clean 200ML + Primer para Gravações a Laser TF700 Black 150ML,4,,,,,,,4
Kit 6x Sos Umidade Bisnaga 250G - Bege,,2,,1,1,,,4
Interface de Espuma 6 / 150mm 5mm 67 Furos Mirka,1,1,,1,,1,,4
"Hold Stone Pro Carpets - Revestimento de Pedras Naturais para Pisos 20,8KG Opala Rosa",,,,2,,2,,4
Espátula Plástica Dentada C/ Cabo 8CM Roma,2,1,,,,1,,4
Espátula para Rejunte e Selante Elastment - Raspador e Alisador,2,2,,,,,,4
Espátula de Aço Inox 12CM Mirka,4,,,,,,,4
Esmalte Marítimo Sobre Ferrugem 900G Preto - Pulo do Gato,4,,,,,,,4
Elastment White - Cimento Termoelástico Redutor de Temperatura 4KG,,1,1,1,,1,,4
Disco de Lixa Abranet Ace 7'' / 178MM P320 Mirka,1,1,,1,1,,,4
Disco de Lixa Abranet Ace 6 ''/ 150MM P240 Mirka - 1 un ,1,1,,1,1,,,4
"Cristal Ultra Resina 3,6L",2,,1,,,1,,4
Concrete Stain 250ML Casca de Árvore,,,,3,1,,,4
"Cimento Queimado Elastment Cinza Médio 4,5kg",,4,,,,,,4
Cimento Elástico Elastment 20KG Azul Piscina,1,,,,1,2,,4
Aplicador de Silicone 9 Polegadas (Aço) Bestfer,,1,2,1,,,,4
Antiderrapante Líquido Contra Quedas 1KG Amarelo Demarcação,,1,,1,2,,,4
Alongador de 8cm Cupins de Aço,1,2,,1,,,,4
Adesivo de Contato  AC9000 900ML,1,,,1,1,1,,4
"Verniz Pu Manta Líquida Zero Obra Elastment 3,5kg Incolor",1,2,,,,,,3
"Trincha Média Para Pintura 2"";269031""",1,,1,,,1,,3
Tinta Removível Skin Color Cristal 900ML Preto Intenso,1,,1,1,,,,3
Tinta impermeabilizante  Protelha Plus Semi Brilho 18L Incolor,,1,,1,1,,,3
Tinta Elástica Smart Color Semi Brilho Fendi 18L,1,,,2,,,,3
Tinta Elástica Smart Color Fosco Azul Oceano 18L,,,,2,,1,,3
Tapa Furo Para Cano De Água C/ 5 Uni. Tamanhos Diferentes,1,,1,1,,,,3
"SOS Trincas e Fissuras 3,2KG Branco",,,,1,,2,,3
Smart Borracha Líquida Seca Parede 20KG Branco,,2,1,,,,,3
Shampoo para Telhas Power Shower 20L Cristal,,1,,2,,,,3
Selante Acrílico Para Trincas E Fissuras Zero Trinca 420g -  2 UNIDADES,,2,,1,,,,3
Sapato de Pregos para Aplicação de Resina - Dupol,1,2,,,,,,3
Rejunte Elástico Elastment 420G Marfim,,1,1,,1,,,3
Rejunte Elástico Elastment 420G Cinza Outono,,1,1,1,,,,3
Rejunte Elástico Elastment 420G Cinza Escuro,,2,,1,,,,3
Rejunte Elástico Elastment 420G Bege,,1,,,1,1,,3
Rejunte Elástico Elastment 420G Areia,,,,2,1,,,3
Pulverizador para Garrafa Pet Bestfer,,1,,1,,1,,3
Pulverizador Costal de Compressão Prévia 5L Bestfer,,,3,,,,,3
"Protelha Powerlastic 3,6L Cerâmica Telha",,,1,1,1,,,3
Protelha Powerlastic 18L Cerâmica Telha,1,,,2,,,,3
Produto Teste 1,2,1,,,,,,3
Primer Transfer Laser TF400 Para Chinelos Eva Borracha - 150ml,1,,1,1,,,,3
Primer Pro para Aderência em Chinelos TF500 225ML,,,1,2,,,,3
Primer para Gravações a Laser TF700 Black 150ML,,,,,1,2,,3
"Prep Piso Nex Floor - Aglutinante 3,5KG Cristal",,1,,2,,,,3
Papel Transfer Laser Back White Fundo Branco 90G - 50 Folhas,2,,,1,,,,3
"Nex Floor Granito Líquido 1,250KG Marrom Imperial - Cristal",,,1,2,,,,3
Molde de Silicone para Vaso Suculenta com Escada - Cor Vermelho,,,,1,,2,,3
Molde de Silicone Oval 19x13,2,,,,,1,,3
Misturador de Tinta para Furadeira 400MM x 60MM Bestfer,1,,,1,,1,,3
Massa Niveladora 25KG,1,,,,,2,,3
Massa Flex Reparo Fácil  para Madeira SUCUPIRA - 90g,1,,1,1,,,,3
Manta Estruturante Tech Manta 1mx25m - Pulo do Gato,1,1,,1,,,,3
Manta Elástica Impermeabilizante Acrílica Acqua Zero 4KG Azul,,,,1,2,,,3
Manta Elástica Impermeabilizante Acrílica Acqua Zero 12kg Cinza,,,1,1,,1,,3
Manta Elástica Impermeabilizante Acrílica Acqua Zero 12kg Cerâmica Telha,,2,,,,1,,3
LT Shine Pasta Metalizada Cobre 200g,,,1,2,,,,3
LT Shine Pasta Metalizada 200G Prata,,,2,1,,,,3
LT Shine Pasta Metalizada 200G Azul,,,1,2,,,,3
"LT Shine Microcimento 4,5KG Iva",,2,,,,1,,3
LT Shine Massa Preparadora 5KG,,,1,2,,,,3
LT Shine Marmorite Floor Preto 4Kg,3,,,,,,,3
LT Shine Impermeabilizante de Alto Desempenho Smart Block 500ML,,,,1,1,1,,3
LT Shine Grannistone Pedras Naturais 5KG São Gabriel,1,1,,1,,,,3
LT Shine Grannistone Pedras e Cristais 25KG Azul Safira,1,1,,1,,,,3
LT Shine Grannistone Fine P/ Trafego Intenso e Área Molhada 5KG Orvalho,,,,1,,2,,3
LT Shine Cold Transfer Primer Para Colagem da Folha Metálica 500G,1,,1,,1,,,3
"LT Shine Cimento Queimado Quartzo Rosa 1,3Kg",,,,3,,,,3
"LT Shine Cimento Queimado Light Grey 1,3Kg",1,,,1,,1,,3
Kit Tratamento de Umidade para Pressão Positiva c/ Manta Elástica Acqua Zero - 4m²,1,1,1,,,,,3
Kit Tratamento de Umidade Ascendente c/ Massa Acrílica - 4m²,,1,1,1,,,,3
Kit Pintura Parede Completo Atlas - 7 Peças,,,1,,1,1,,3
Kit Massa Tapa Tudo 5000 340G + Selante Acrílico Zero Trinca 420G,2,1,,,,,,3
Kit Massa Tapa Tudo 5000 340G + 2x Selante Acrílico Zero Trinca 420G,2,,,1,,,,3
KIT Marmorite 4KG Base + Cera de Acabamento 700G,1,1,1,,,,,3
Kit LT Shine Pigmento Uma Gota 50ML - 7 Cores,1,,,,2,,,3
Kit Limpa Pedras Biodegradável Ivaclean 1L - 3 unidades,,,,3,,,,3
Kit Limpa Obra: Tira Tintas 500ML + Espátula Multiuso Condor,,2,1,,,,,3
Kit Efeito Pedras Naturais em Parede - Castelo de Areia,2,1,,,,,,3
KIT Efeito Mármore Condor,,,2,1,,,,3
KIT Efeito Mármore Banheiro,1,2,,,,,,3
Kit Cimento Autonivelante 20KG Cinza + Argamassa de Preparação 10KG,1,2,,,,,,3
Kit 2x Cola Extra Forte AC6000 400G + Aplicador de Ferro Bestfer,,2,,1,,,,3
Kit 2x Cola Extra Forte AC6000 400G,1,1,1,,,,,3
"Kit 20x Tech Cola Bloco - Argamassa Pronta para Assentamento 2,5KG Pulo do Gato",,3,,,,,,3
Kit 20x SOS Umidade Bisnaga 250G - Bege,,1,,2,,,,3
Interface de Espuma 7 / 175mm 5mm 37 Furos Mirka - 1 unidade,,,,2,1,,,3
Impermeabilizante Ultra Flex 4KG - Pulo do Gato,,2,,1,,,,3
Hold Stone Garden Color Stone - Revestimento de Pedras Naturais para Pisos 2KG Opala Rosa,1,,,1,1,,,3
Hold Stone Garden Color Stone - Revestimento de Pedras Naturais para Pisos 2KG Âmbar,2,,,,1,,,3
Hobby Art Super Glue Gel 20G,,,1,2,,,,3
Hobby Art Stone Make 30G Dourado,,,2,,,1,,3
Hobby Art Decora Pinta Tudo 900ML Rosa Retrô,,1,1,,,1,,3
Hobby Art Decora Pinta Tudo 250ML Azul Marinho,,1,,1,1,,,3
Fita de Fibra de Vidro Dryfit Branco 100MM x 90M,1,,,1,,1,,3
Ferramenta Abre Trinca 60/60mm Condor,1,,,2,,,,3
Espuma de PU Expansiva 500ML Sieger,1,,,,1,1,,3
Espuma Adesiva Soudabond Easy Gun 750ML Soudal,2,,1,,,,,3
"Espátula Plástica Macia Atlas 13,1 cm",,,2,1,,,,3
Espátula Plástica Lisa C/ Cabo 6CM Roma,2,,,1,,,,3
Espátula Plástica Atlas 20 cm,,1,1,,,1,,3
"Espátula Inox para Gesso 10 Condor""",3,,,,,,,3
Espátula de Aço Dente para Assentamento de Revestimentos Cerâmicos - Castor,1,1,,1,,,,3
Esmalte Marítimo Sobre Ferrugem 900G Preto Fosco - Pulo do Gato,,,1,1,,1,,3
Elastment White - Cimento Termoelástico Redutor de Temperatura 20KG,,1,1,,1,,,3
Elastment Stabilizer Primer 5KG - Primer Aderente para Superfícies Asfálticas - Aplicação Fácil e Rendimento Eficiente - Ideal para Preparação de Superfícies,1,,,1,,1,,3
"Drylevis, SOS Concreto, 10L  Protege Contra Umidade e Corrosão",,3,,,,,,3
Disco Reto de 12cm Grão 16 Cupins de Aço,,1,,2,,,,3
Disco de Lixa Abranet Ace 6 ''/ 150MM P120 Mirka - 1 un ,2,1,,,,,,3
"Disco de Lixa Abranet 9 / 225M P180 Mirka""",1,,,,,2,,3
Desmoldante Protetor para Moldes 300ML Sieger,1,,,1,1,,,3
Cola Piso Vinílico e Emborrachado AC10000 20KG,,,2,1,,,,3
"Cola para Madeira Wood Wood 3 4,3KG",1,,,1,,1,,3
Cola para Gesso 3D AC5000 420g com Bico Aplicador,,3,,,,,,3
"Cimento Queimado Elastment Cinza  Claro 4,5kg",1,1,1,,,,,3
Cimento Queimado Elastment Bege 18kg,,,,1,1,1,,3
Chapisco Flex Elastment 900G,,1,,1,1,,,3
Chapisco Flex Elastment 18KG,,,,,1,2,,3
Borracha Líquida Cristal 18KG Cinza,,1,1,1,,,,3
Borracha Líquida Cristal 18KG Branco,,,,3,,,,3
Antiderrapante Líquido Contra Quedas 1KG Branco,,1,,1,,1,,3
Abre Trinca de Aço 6x6cm Atlas,,1,1,,,1,,3
Verniz Vinilo Wood Wood 900ML,1,,,,1,,,2
Verniz Finnelo Brilho Natural 225ML,1,1,,,,,,2
"Trincha Média Para Pintura 4"";269034""",,1,,,1,,,2
"Trincha Média Para Pintura 1/2"";269027""",1,,1,,,,,2
"Trincha Média Para Pintura 1"";269029""",,1,1,,,,,2
"Trincha Média P/ Pintura Stain & Verniz Atlas 4"";269042""",1,1,,,,,,2
Tinta Spray Efeito Pedra Rust-Oleum 340G Marrom Claro,,1,,,1,,,2
Tinta Removível Skin Color Cristal 900ML Azul Royal,,1,,1,,,,2
Tinta Impermeabilizante Protelha Plus Semi Brilho 18L Cinza,1,,1,,,,,2
"Tinta Impermeabilizante  Protelha Plus Semi Brilho 3,6L Cinza",,,,,2,,,2
Tinta impermeabilizante  Protelha Plus Semi Brilho 18L Branco,2,,,,,,,2
Tinta Elástica Smart Color Semi Brilho Granizo 18L,,,,2,,,,2
Tinta Elástica Smart Color Semi Brilho Gelo 18L,2,,,,,,,2
Tinta Elástica Smart Color Semi Brilho Branco Neve 18L,,,1,1,,,,2
Tinta Elástica Smart Color Semi Brilho Areia 18L,,,,2,,,,2
Tinta Elástica Smart Color Semi Brilho Algodão Egípcio 18L,,1,1,,,,,2
Tinta Elástica Smart Color Fosco Creme de Avelã 18L,1,1,,,,,,2
Tinta Elástica Smart Color fosco Cocada 3.6L,,1,,1,,,,2
"Tinta Elástica Smart Color Fosco 3,6L Pérola",1,,,,,1,,2
Tinta Elástica Smart Color fosco  Granizo 3.6L,,,,1,1,,,2
Tinta Elástica Smart Color  Semi Brilho  Palha  3.6L,1,,,,1,,,2
Tinta Acrílica Planeta Tinta 18L Branco Vênus - Pulo do Gato,,,,,2,,,2
TF Clean Borracha 150ML,,,,2,,,,2
Spray Efeito Mármore - Linhas Pretas 290G Rust-Oleum,,,1,,1,,,2
Saco de Pedras Hold Stone Garden Color Stone Seixo Jaspe Cinza 25KG,,,,1,1,,,2
Saco de Lã Descartável 415/915/1025 Mirka - 1 Unidade,,,,,1,1,,2
Rolo Para Massa Rolada Leve Drywall e Massa Corrida 180mm - L'outil Parfait,1,,,1,,,,2
Rolo de pintura Resimax Sintética 5cm Atlas,,,1,1,,,,2
Rolo de Lã Baixa 9cm Condor,,,,,1,1,,2
Rolo de Lã Baixa 15cm Condor,,,,,2,,,2
Rejunte Elástico Elastment 420G Verde Água,1,,,,1,,,2
"Raspador de Rejunte 8 Bestfer""",1,1,,,,,,2
Pulo do Gato Crack Filler Stop Trincas - Pó Reparador para Rachaduras de Alvenaria 700G Asfalto,1,,,,1,,,2
"Protetor P/ Suporte de Lixadeira 7 / 175mm 37 Furos Mirka - 1 unidade""",,,,2,,,,2
"Protelha Powerlastic 3,6L Cinza ",2,,,,,,,2
"Protelha Powerlastic 3,6L Branco",,,2,,,,,2
Protelha Fast Tape Cristal 20cm x 5m - Fita Aluminizada de Copolímero Sintético,,,,,,2,,2
Protelha Fast Cristal 380G Branco,,,,2,,,,2
Politriz 1200W / 220V Schulz,2,,,,,,,2
Pincel Artístico para Tecido e EVA 324-12 Condor,,,,1,1,,,2
Pano para Limpeza Multiuso de Microfibra 35x35cm Condor,1,,,,,1,,2
Nex Floor Granito Líquido 4KG Marrom Imperial - Cristal,,,,1,1,,,2
Molde de Silicone Mini Pote de Flor 123X70mm,,,,2,,,,2
Molde de Silicone Coração 15x11x1cm,,,1,,1,,,2
"Misturador de Tinta, Gesso e Argamassa 100MM x 600MM Bestfer (Entrada SDS)",,1,1,,,,,2
Misturador de Tinta Condor,1,,,,,1,,2
Misturador Argamassa Elétrico 1050W 127V Wagner,,,,1,1,,,2
"Membrana de Cura 3,6L Elastment",1,1,,,,,,2
Massa Flex Reparo Fácil  para Madeira JATOBÁ - 90g,1,,1,,,,,2
Massa Flex Reparo Fácil  para Madeira IPÊ - 90g,,1,,,1,,,2
Massa Cimentícia Branca Zero Trinca 5 KG,,,,,1,1,,2
Manta Elástica Impermeabilizante Acrílica Acqua zero 4kg Cinza,,1,,,1,,,2
Manta Elástica Impermeabilizante Acrílica Acqua Zero 4kg Cerâmica,,,,2,,,,2
Manta Elástica Hidrofóbica Elastment 10KG Branca,,,,,,2,,2
Manta Elástica  Impermeabilizante Acrílica Acqua Zero 20kg Azul,,,,1,1,,,2
Manta Elástica  Impermeabilizante Acrílica Acqua Zero 20kg  Cerâmica,,,,1,1,,,2
Manta Acrílica Emborrachada 3 em 1 Pára Água 4KG Cinza - Pulo do Gato,,1,,,,1,,2
Manta Acrílica Emborrachada 3 em 1 Pára Água 12KG Cinza - Pulo do Gato,1,1,,,,,,2
Manta Acrílica Emborrachada 3 em 1 Pára Água 12KG Branco - Pulo do Gato,1,1,,,,,,2
"LT Shine Verniz para Acabamento LT300 Brilhante 3,5KG Cinza",,1,,1,,,,2
LT Shine Resina 900ML Brilhante,2,,,,,,,2
LT Shine Pasta Metalizada 200G Grafite,,,,2,,,,2
LT Shine Massa Preparadora 20KG,,,1,,1,,,2
LT Shine Grannistone Primer Promotor de Aderência 4KG Vermelho Blush,2,,,,,,,2
LT Shine Grannistone Pedras Naturais 5KG Branco Serena,1,,1,,,,,2
LT Shine Grannistone Pedras Naturais 5KG Branco Dallas,1,,1,,,,,2
LT Shine Grannistone Pedras Naturais 25KG Pedra do Sol,,2,,,,,,2
LT Shine Grannistone Pedras Naturais 25KG Cinza Clássico,1,,,,,1,,2
LT Shine Grannistone Pedras e Cristais 5KG Azul Safira,,2,,,,,,2
LT Shine Grannistone Pedras e Cristais 5KG Âmbar,1,1,,,,,,2
LT Shine Grannistone Pedras e Cristais 25KG Cinza Hematita,,1,1,,,,,2
LT Shine Cold Transfer Metallic - Folha de Transferência 30cmx5m Ouro,2,,,,,,,2
LT Shine Cold Transfer Metallic - Folha de Transferência 10cmx5m Prata,,,1,,1,,,2
"LT Shine Cimento Queimado Turmalina Negra 2,5Kg",1,1,,,,,,2
LT Concrete Shiner 4KG Navarro,,,,,,2,,2
LT Concrete Shiner 4KG Concreto,,1,1,,,,,2
Limpador de Superfícies Lemone 200ML,1,,,,,1,,2
Limpa Telhas Dubom 5L,1,1,,,,,,2
Kit Tratamento de Umidade para Pressão Negativa c/ Tinta Smart Color Semi Brilho - 20m²,,1,1,,,,,2
Kit SOS Gesso Hidrofugante Para Gesso 1L - 2 unidades,1,1,,,,,,2
Kit Para Efeito Mármore ,1,,,1,,,,2
Kit Multi Aplicação Selantes e Bisnagas 3 Bicos aplicadores + 3 Tampas Duramais Drylevis,,,,1,1,,,2
Kit Massa Tapa Tudo 5000 90G + Selante Acrílico Zero Trinca 420G,2,,,,,,,2
Kit Madeira 9 - Óleo Cristal 900ML + Cera Cristal 900ML + Verniz Cristal 900ML,,2,,,,,,2
Kit Espuma Adesiva Soudabond 750ML Soudal + Pistola Aplicadora de Espuma Sparta,2,,,,,,,2
Kit Cola para Madeira Wood Wood 3 497G - 6 unidades,,,,,2,,,2
KIT Cera de Carnaúba Auge Creme 270ML + Kit Panos Multiuso Microfibra + Lanterna de Alumínio,1,1,,,,,,2
KIT Cera de Carnaúba Auge Creme + Kit de Pincéis Automotivo + Kit Pano Multiuso Microfibra,2,,,,,,,2
Kit Boina de Polimento Flexível 10cm + EVA e Couro - Cupins de Aço,2,,,,,,,2
Kit 4x Primer Promotor de Aderência Pr10 Incolor150ML,,1,,1,,,,2
Kit 4x Cola Extra Forte AC6000 400G,1,,,1,,,,2
Kit 12x Sos Umidade Bisnaga 250G - Bege,1,,,1,,,,2
Hold Stone Garden Color Stone - Revestimento de Pedras Naturais para Pisos 2KG Quartzo,,1,,,1,,,2
Hobby Art Stone Make 30G Bege,,,1,,,1,,2
Hobby Art Stain Color Verniz de Efeito Vitrificado 100ML Bronze,,2,,,,,,2
Hobby Art Primer Universal 150G,1,,,1,,,,2
"Hobby Art Pedras Naturais C/ Endurecedor Resin Stone 1,080kg Vesúvio",,,,1,1,,,2
Hobby Art Decora Pinta Tudo 900ML Sunshine,1,1,,,,,,2
Hobby Art Decora Pinta Tudo 250ML Verde Água,1,1,,,,,,2
"Hidrofugante Blinda Umidade Superfícies 3,6L - Pulo do Gato",2,,,,,,,2
Hidrofugante Blinda Umidade Superfícies 1L - Pulo do Gato,,1,,1,,,,2
Hidrofugante Blinda Gesso 1L - Pulo do Gato,,,1,1,,,,2
"Forma Cuba Redonda C/ Base 38,5x12CM 3MM",1,1,,,,,,2
Fixador de Pedras Fix Stone 5L,,1,1,,,,,2
"Fita Reparadora Magic Imper Super Tape 1,5MX10CM - Preta",,,,2,,,,2
Espátula Plástica Dentada C/ Cabo 6CM Roma,,1,,,1,,,2
Espátula de Plástico para Massa 7x9CM Roma,1,,1,,,,,2
"Espátula de Plástico para Massa 7x12,5CM Roma",1,,1,,,,,2
Espátula Aço Inox Multiuso Condor,1,,,,,1,,2
"Esmalte Marítimo Sobre Ferrugem 3,6KG Preto - Pulo do Gato",,,1,1,,,,2
Elastment Stabilizer Primer 25KG - Estabilizador de Superfícies Betuminosas - Alta Aderência e Facilidade de Aplicação,,2,,,,,,2
Elastment Scudo Pro Tinta Para Piso 18KG Cinza Concreto,,,,2,,,,2
Disco de Lixa Abranet Ace 7'' / 178MM P240 Mirka,,1,1,,,,,2
Disco de Lixa Abranet Ace 7'' / 178MM P120 Mirka,1,1,,,,,,2
Disco de Lixa Abranet Ace 6 ''/ 150MM P80 Mirka - 1 un ,,2,,,,,,2
"Disco de Lixa Abralon 6 / 150MM 600 Mirka - 1 un """,1,,1,,,,,2
"Disco de Lixa Abralon 6 / 150MM 500 Mirka - 1 un """,,,1,1,,,,2
"Disco de Lixa Abralon 6 / 150MM 360 Mirka - 1 un """,1,,1,,,,,2
Desempenadeira Inox Retangular Chanfrada p/ Efeitos Atlas,,,1,1,,,,2
"Cristal Megnetic 1,5KG Preto Intenso",,,,1,1,,,2
Cristal Borracha Liquida Cimenticia 20KG Cinza,,,1,,,1,,2
"Concrete Stain 3,6L Café",1,,,1,,,,2
Concrete Stain 250ML Asfalto,,,,,2,,,2
Cola Spray Tapeceiro 500ML Sieger,,,,,2,,,2
Cola Piso Vinílico E Emborrachado AC10000 1KG,,,,,,2,,2
Cola Para Gesso 3D AC 5000 420G,1,,,,1,,,2
Cola Concentrada para Papel de Parede 900G,,,1,1,,,,2
"Cimento Queimado Elastment Vermelho 4,5kg",,,2,,,,,2
"Cimento Queimado Elastment Salmão 4,5kg",,,2,,,,,2
"Cimento Queimado Elastment Marrom 4,5kg",,,,2,,,,2
"Cimento Queimado Elastment Chocolate 4,5kg",,,2,,,,,2
"Cimento Queimado Elastment Calcário 4,5kg",,,2,,,,,2
"Cimento Queimado Elastment Bege 4,5kg",,,2,,,,,2
Cimento Egípcio Estrutural Branco 25KG,,,,1,,1,,2
Cera de Carnaúba Auge Stucco 270ML -  Creme,1,,,,1,,,2
Borracha Líquida Cristal 18KG Azul,,1,,,,1,,2
"Boina de Lã de Cordeiro para Polimento 6/150MM com Velcro Amarela Mirka""",2,,,,,,,2
Antiderrapante Líquido Contra Quedas 4KG Cinza Médio,1,,1,,,,,2
Agente Fixador Sand & Stone 1L Cristal,1,,,1,,,,2
Aditivo para Argamassas Tech Liga 150G - Pulo do Gato,1,,1,,,,,2
"Verniz Pu Manta Líquida Zero Obra Elastment 3,5KG Fosco Prata",,1,,,,,,1
"Verniz Pu Manta Líquida Zero Obra Elastment 3,5KG Fosco Branco",1,,,,,,,1
"Trincha para Pintura Stain & Verniz 4 Atlas""",,,,1,,,,1
"Trincha para Pintura 2 Atlas""",,,,1,,,,1
"Trincha Média para Pintura Soft 2 Atlas""",,,,1,,,,1
"Trincha Média para Pintura Látex Acrílica 2 Atlas""",,,1,,,,,1
"Trincha Média para Pintura Látex Acrílica 1 Atlas""",,1,,,,,,1
"Trincha Média Para Pintura 2 1/2"";269032""",,,,,,1,,1
"Trincha Média Para Pintura 1 1/2"";269030""",,,1,,,,,1
"Trincha Média P/ Pintura Stain & Verniz Atlas 1"";269037""",,,,,1,,,1
Tira Tintas Cristal 5L,,,,,1,,,1
"Tinta Ultimate Color Flex 3,6L Branco",,1,,,,,,1
Tinta Spray Efeito Pedra Rust-Oleum 340G Marrom,,,,1,,,,1
Tinta Removível Skin Color Cristal 900ML Larimar,,1,,,,,,1
Tinta Removível Skin Color Cristal 900ML Iva,1,,,,,,,1
"Tinta Impermeabilizante Protelha Plus Semi Brilho 3,6L Incolor",,,,,1,,,1
"Tinta Impermeabilizante Protelha Plus Semi Brilho 3,6L Cerâmica Telha",,,1,,,,,1
"Tinta Impermeabilizante Protelha Plus Semi Brilho 3,6L Branco",,,,1,,,,1
Tinta Impermeabilizante Protelha Plus Semi Brilho 18L Pérola,,,,1,,,,1
Tinta Impermeabilizante Protelha Plus Semi Brilho 18L Areia,,,,1,,,,1
Tinta Elástica Smart Color Semi Brilho Elefante 18L,1,,,,,,,1
Tinta Elástica Smart Color fosco Mesa de Bar 3.6L,,,,1,,,,1
Tinta Elástica Smart Color Fosco Granizo 18L,1,,,,,,,1
Tinta Elástica Smart Color Fosco Cocada 18L,,1,,,,,,1
Tinta Elástica Smart Color fosco Bege intenso 3.6L,,,1,,,,,1
Tinta Elástica Smart Color Fosco 18L Pérola,,,1,,,,,1
Tinta Elástica Smart Color  Semi Brilho Fendi  3.6L,,,,1,,,,1
Tinta Elástica Smart Color  Semi Brilho Elefante  3.6L,,,,1,,,,1
Textura  Smart Color 25Kg- Liso -Branco,,,,,1,,,1
Tela de Fibra de Vidro Dryfit Plus Branco 250MM X 50M,1,,,,,,,1
"Tech Cola Bloco - Argamassa Pronta para Assentamento 2,5KG Pulo do Gato",,,,1,,,,1
"Tampa para tinta 3,6L  Americano Pratinta",1,,,,,,,1
Suporte para Disco de Lixa com Velcro e Adaptador 150MM Bestfer,,,,,,1,,1
SOS Gesso Retardante de Pega Liso Perfect Finish 1L,,1,,,,,,1
SOS Gesso Hidrofugante para Gesso 1L + Smart Resina 900ML,1,,,,,,,1
SOS Gesso Aditivo Funcional Liso Perfect  Cola Mais  640g,,,1,,,,,1
SOS Gesso Aditivo Funcional Liso Perfect  Cola 160g,,1,,,,,,1
Smart Manta Sublimação para Azulejo,,,,,1,,,1
Smart Coat Brilhante 1L,,1,,,,,,1
Selante Acrílico para Trincas e Fissuras Zero Trinca 420G - 4 unidades,,,1,,,,,1
Seixo para Jardim Hold Stone Pedras Rutilo 25KG,,,,,,1,,1
"Salva Pintura 20M X 2,40M",,,,,1,,,1
Saco para Gelo Bompack Descartável - 10 Caixas (8 sacos de 192 cubos cada),,,,,1,,,1
Saco de Pedras Hold Stone Garden Color Stone Seixo Rutilo 25KG,,,,1,,,,1
Rolo de Pintura Microfibra 9CM Atlas,,,,,,1,,1
Rolo de Lã Baixa 5cm Condor,,,,,1,,,1
Rejunte Elástico Elastment 420G Palha,,,,,,1,,1
Rejunte Elástico Elastment 420G Esmeralda,,,,1,,,,1
Rejunte Elástico Elastment 420G Cinza Chumbo,,,,,1,,,1
Rejunte Elástico Elastment 420G Camurça,,,,,1,,,1
Rejunte Acrílico 420G Palha - Pulo do Gato,,,,,,1,,1
Rejunte Acrílico 420G Branco - Pulo do Gato,,,,,,1,,1
Pulverizador para Garrafa Pet de Compressão Prévia Bestfer,,1,,,,,,1
"Protetores P/ Suporte de Lixadeira 6 / 150mm 67 Furos Mirka""",,,,1,,,,1
Protetor Para Culote Giro 360 Transfix,,,1,,,,,1
"Protelha Powerlastic 3,6L Grafite",,,1,,,,,1
Promotor de Aderência Silano 9091 200ML,1,,,,,,,1
Promotor de Aderência  ACM 9090 150ML,,,,,,1,,1
Primer Promotor de Aderência Transfix para metal TF100 900ML,1,,,,,,,1
Placa EPS 1x50x30MM Termoacústico e Retardante de Chamas,,,,1,,,,1
Perfil L com Base Aluminio 1M New Ponta Prata,,,,1,,,,1
Papel Transfer Laser Top Transfer 90G + TFclean Transfix,,1,,,,,,1
Papel Transfer Laser Back White Fundo Branco 90G  + TF Clean 200ml,1,,,,,,,1
Molde de Silicone Saboneteira Quadrado 13x10x2cm,,1,,,,,,1
Molde de Silicone Saboneteira Arredondado 13x10x2cm,,1,,,,,,1
Molde de Silicone P/ Escova e Caneta Redondo,,,,1,,,,1
Molde de Silicone P/ Escova e Caneta Quadrado,,,,1,,,,1
Molde de Silicone Nuvem 19x14x1cm,,1,,,,,,1
Molde de Silicone Irregular 12x12cm,,,,1,,,,1
Molde de Silicone Coração 19x13x1cm,,1,,,,,,1
Molde de Silicone Candelabro Lua,,,,,1,,,1
Molde de Silicone Bandeja Oval 18x9x1cm,,,,1,,,,1
"Misturador de Tinta, Gesso e Argamassa 60MM x 400MM x 7,8MM Bestfer",1,,,,,,,1
"Misturador de Tinta, Gesso e Argamassa 100MM x 600MM x 9MM Bestfer",,,,,,1,,1
Massa para Drywall Drymix 15KG,,,,1,,,,1
"Massa Flex Tapa Tudo 5000 - 1,2KG",,,1,,,,,1
Massa Flex Reparo Fácil  para Madeira MOGNO - 90g,,,1,,,,,1
Massa Anti Trinca para Superfícies Cimentícia Highflex 18kg,,,,,1,,,1
Manta Bidim para Drenagem e Jardinagem - (Metro),,1,,,,,,1
"LT Shine Verniz para Acabamento LT300 Brilhante 3,5KG Branco ",,,,,,1,,1
LT Shine Resina 18L Brilhante,1,,,,,,,1
"LT Shine Porcelanato Liquido Baixa Espessura Média Viscosidade C/ Endurecedor - Kit 5,4KG",,,,,1,,,1
LT Shine Pasta Metalizada 200G Bronze,,,,1,,,,1
"LT Shine Microcimento 4,5KG Javier",,1,,,,,,1
LT Shine Microcimento 18KG Kalahari,1,,,,,,,1
LT Shine Massa Reparadora Branca  90g,,,1,,,,,1
LT Shine Marmorite 4Kg Preto Supremo,1,,,,,,,1
LT Shine Grannistone Primer Promotor de Aderência 4KG Âmbar,,,1,,,,,1
LT Shine Grannistone Pedras Naturais 5KG Marrom Imperial,1,,,,,,,1
LT Shine Grannistone Pedras e Cristais 5KG Preto Ônix,,,1,,,,,1
LT Shine Grannistone Fine P/ Trafego Intenso e Área Molhada 5KG Terracota,,,,1,,,,1
LT Shine Grannistone Fine P/ Trafego Intenso e Área Molhada 5KG Granito,,,,,,1,,1
"LT Shine Cimento Queimado Safira 2,5Kg",,,1,,,,,1
"LT Shine Cimento Queimado Off White 1,3Kg",1,,,,,,,1
"LT Shine Cimento Queimado Laís Tenório 2,5Kg",,1,,,,,,1
"LT Shine Cimento Queimado Garden 2,5Kg",,1,,,,,,1
"LT Shine Cimento Queimado Aventurina 2,5Kg",,1,,,,,,1
"LT Shine Aplicador de Massa Pequeno 9,8 cm x 7,3 cm",,,,1,,,,1
"LT Sand Shine 1,3KG Off White",,,1,,,,,1
LT Concrete Shiner 4KG Light Grey,,,,1,,,,1
LT Concrete Shiner 4KG Iva,,,1,,,,,1
LT Concrete Shiner 1KG Iva,,,,,,1,,1
LT Concrete Shiner 1KG Concreto,,,,,,1,,1
Lanterna Alumínio com 9 LEDS 3W Chevrolet,,,,1,,,,1
Kit Zero Trinca 3 - Massa Tapa Tudo 340G + Smart Resina 250ML + 2X Selante Acrílico Zero Trinca 420G,1,,,,,,,1
Kit Zero Trinca 1 - Massa Tapa Tudo 90G + Smart Resina 250ML + Selante Acrílico Zero Trinca 420G,,1,,,,,,1
Kit Tratamento de Umidade Ascendente,1,,,,,,,1
KIT Rejunte Condor - Espátula Plástica + Bloco de Espuma,,,1,,,,,1
Kit Reboco Saudável C/ Chapisco Flex 18KG,1,,,,,,,1
Kit Pulverizador para Garrafa Pet Bestfer - 2 Peças,,1,,,,,,1
Kit Pulverizador para Garrafa Pet Bestfer - 10 Peças,,,1,,,,,1
"Kit Protetores P/ Suporte de Lixadeira 7 / 175mm 37 Furos Mirka - 5 unidades""",,,,,1,,,1
Kit Piso Líquido 4 - Nivela Mais 20KG Cinza (10 un) + Smart Resina 18L (1 un) + Ultragrip 20KG Cinza (1 un),,,1,,,,,1
"Kit Piso Líquido 3 - Nivela Mais 20KG Cinza (2 un) + Smart Resina 3,6L (1 un) + Ultragrip 5KG Cinza (1 un)",1,,,,,,,1
Kit Piso Líquido 2 - Nivela Mais 20KG Cinza (2 un) + Ultragrip 5KG Cinza (1 un),1,,,,,,,1
"Kit Piso Líquido 1 - Nivela Mais 20KG Cinza (2 un) + Smart Resina 3,6L (1 un)",1,,,,,,,1
Kit Pintura Flex 5 Peças Roma,,,,,1,,,1
"Kit Parede Seca - SOS Umidade 250G (3x) + SOS Concreto 200ML (1x) + Massa Acrilica 20KG (1x) + Smart Resina 3,6L (1x) + Chapisco Flex 900G (1x) ",1,,,,,,,1
"Kit Nex Floor Granito Líquido Completo, 12m² Sem Nivelamento - São Gabriel",1,,,,,,,1
Kit Multi Aplicação Selantes e Bisnagas 5 Bicos aplicadores + 5 Tampas Duramais Drylevis,,,,,1,,,1
Kit Massa Tapa Tudo 5000 90G + 2x Selante Acrílico Zero Trinca 420G,,,,1,,,,1
Kit Massa Acrílica Sobre Azulejo,1,,,,,,,1
KIT Massa Acrílica em Pó 20KG + Desempenadeira Inox Trapezoidal Roma,,,,,1,,,1
KIT Marmorite 4KG Base + Resina 900ML  + Cera de Acabamento 700G + Pasta Metalizada Ouro + Pincel 422-2,,1,,,,,,1
KIT Marmorite 4KG Base + Resina 900ML  + Cera de Acabamento 700G + Pasta Metalizada Cobre + Pincel 422-2,,1,,,,,,1
Kit Marceneiro 5 - Cristal Óleo 900ML + Rolo de Espuma 5CM Condor,,,1,,,,,1
"Kit Madeira 8 - Porcelanato Liquido 1,5KG + Cola Wood Wood 497G + Óleo Cristal 900ML + Cera Cristal 900ML +Verniz Cristal 900ML",,,,1,,,,1
"Kit Madeira 7 - Porcelanato Liquido 1,5KG + Cola Wood Wood 497G + Óleo Cristal 900ML + Cera Cristal 900ML",,1,,,,,,1
Kit Madeira 6 - Cola Wood Wood 497G + Óleo Cristal 900ML + Cera Cristal 900ML,,,,,1,,,1
Kit Madeira 4 - Cola Wood Wood 497G + Smart Resina 900ML,1,,,,,,,1
KIt Madeira 2 - Cola Wood Wood 497G + Verniz PU 75 900ML,,,1,,,,,1
Kit LT Shine Fixador de Pedras Hold Stone 5L + Pulverizador Costal de Compressão Prévia 5L Bestfer,,1,,,,,,1
Kit LT Shine Fixador de Pedras Hold Stone 500ML + Pulverizador para Garrafa Pet 2 Peças,,1,,,,,,1
KIT LT Shine Acqua Shine 375G + Marmorite 1KG + Desempenadeira Mirox 15CM,,,1,,,,,1
Kit Limpador de Superfícies TF Clean 200ML + 3 Flanelas Bestfer,,,,,1,,,1
Kit Limpa Cerâmica 1L + Limpa Porcelanato 1L + Limpador de Placas Solares Fullvit 1L IvaClean,,1,,,,,,1
Kit Iniciante para Mármore + Espátula de Aço Cromado 8cm Roma,1,,,,,,,1
Kit Hold Stone Carpet LT Shine Micro Seixo 2 a 5mm Rio Prata 18m²,,1,,,,,,1
Kit Hold Stone 5L + Borrifador Manual de Compressão Prévia 2L,1,,,,,,,1
Kit Flanelas de Microfibra Bestfer - 3 unidades,,,,1,,,,1
Kit Ferro De Solda 60W + Estanho,,,,1,,,,1
Kit Efeito Pedras Naturais em Piso e Lavabo - Off White,1,,,,,,,1
Kit Boina para Polimento Cogumelo 8cm Com Velcro - Cupins de Aço,,,,1,,,,1
Kit Boina para Polimento Abaulada 8cm Com Velcro - Cupins de Aço,1,,,,,,,1
KIT Aplicador de Silicone Bestfer + SOS Umidade 250G,1,,,,,,,1
Kit 6x Selante Acrílico Para Trincas E Fissuras Zero Trinca 420g,,,,1,,,,1
Kit 5 Massa Tapa Tudo Tapa Buraco 5000 Pote De 340g,1,,,,,,,1
Kit 4x Cola Extra Forte AC6000 400G + Aplicador de Ferro Bestfer,,1,,,,,,1
Kit 3 Massa Tapa Tudo Tapa Buraco 5000 Pote De 340g,,1,,,,,,1
Kit 2x Primer Promotor de Aderência Pr10 Incolor150ML,,,,1,,,,1
KIT 2x Fita Multiuso Líquida para Telhados SOS Telhas 900ml Cinza,,1,,,,,,1
Kit 2 Massa Tapa Tudo Tapa Buraco 5000 Pote De 340g,,,1,,,,,1
Kit 16x SOS Umidade Bisnaga 250G - Bege,,,,1,,,,1
Kit 14x Sos Umidade Bisnaga  250G - Bege,,,,1,,,,1
Kit 10x Espuma Adesiva 750ML Soudal + 1x Limpador e Removedor de Espuma 500ML Sieger (BRINDE) + Pistola Sparta (BRINDE),1,,,,,,,1
Impermeabilizante Ultra Flex 20KG - Pulo do Gato,1,,,,,,,1
Hold Stone Garden Color Stone Seixo Rutilo 25KG,,,1,,,,,1
Hold Stone Garden Color Stone - Revestimento de Pedras Naturais para Pisos 2KG Rutilo,,,,,1,,,1
Hold Stone Garden Color Stone - Revestimento de Pedras Naturais para Pisos 2KG Jaspe Cinza,,1,,,,,,1
Hold Stone Colors Fixador de Pedras 1L - Preto,,,,,,1,,1
Hold Stone Colors Fixador de Pedras 1L - Branco,,,,,,1,,1
Hold Stone Colors Fixador de Pedras 1L - Azul,,,,1,,,,1
Hold Manta - Manta Estruturante para Jardim 20CM x 5M,,,,,,1,,1
Hold Manta - Manta Estruturante para Jardim 1M x 200M,,,,,1,,,1
Hobby Art Super Glue Gel 100G,,,,,1,,,1
Hobby Art Super Glue Fast 20G,,,,1,,,,1
Hobby Art Stone Make 30G Vermelho,1,,,,,,,1
Hobby Art Stone Make 30G Rosa,,,1,,,,,1
Hobby Art Stone Make 30G Cinza Médio,,,,,,1,,1
Hobby Art Stone Make 30G Branco,,,1,,,,,1
Hobby Art Stone Make 30G Azul Escuro,,,1,,,,,1
Hobby Art Stain Color Verniz de Efeito Vitrificado 100ML Névoa,,,,,,1,,1
Hobby Art Primer Universal 340G,,,,1,,,,1
"Hobby Art Perfect Glass Baixa Espessura e Baixa Viscosidade 1,5KG",,,,,,1,,1
Hobby Art Perfect Glass Baixa Espessura 300G,,,,,,1,,1
"Hobby Art Pedras Naturais C/ Endurecedor Resin Stone 1,080kg São Paulo",,1,,,,,,1
"Hobby Art Pedras Naturais C/ Endurecedor Resin Stone 1,080kg Casa Blanca",,,1,,,,,1
"Hobby Art Pedras Naturais C/ Endurecedor Resin Stone 1,080kg Agra",1,,,,,,,1
Hobby Art Massa Multiuso 90G,1,,,,,,,1
Hobby Art Laca PU Color Protetor de Digitais 250ML Azul Turquesa,,,,1,,,,1
Hobby Art Laca PU Color Protetor de Digitais 250ML Algodão Egípcio,,,1,,,,,1
Hobby Art Dolion Óleo Mineral com D Lemoneno 100ML,1,,,,,,,1
Hobby Art Decora Pinta Tudo 900ML Verde Pastel,1,,,,,,,1
Hobby Art Decora Pinta Tudo 900ML Lavanda,,1,,,,,,1
Hobby Art Decora Pinta Tudo 900ML Azul Celeste,,,,,1,,,1
Hobby Art Decora Pinta Tudo 120ML Branco,,,,,1,,,1
Hobby Art Cimento Queimado Multi Efeitos 320G Iva,,,1,,,,,1
Hobby Art Cimento Queimado Multi Efeitos 160G Terracota,,,,1,,,,1
Hobby Art Cimento Queimado Multi Efeitos 160G Pistache,,,,1,,,,1
Hobby Art Cimento Queimado Multi Efeitos 160G Iva,,,,,1,,,1
Hobby Art Cimento Queimado Multi Efeitos 160G Clay,,,,1,,,,1
Hobby Art Anti Bolhas 500ML,,,1,,,,,1
Hidroveck Gold Membrana Hidrofugante Flexível 24KG,,1,,,,,,1
Hidrofugante Blinda Cimento em Pó 4KG Pulo do Gato,,,,1,,,,1
Hidrofugante Blinda Cimento em Pó 20KG Pulo do Gato,,,,,,1,,1
Fundo Preparador Incolor 18L,,,,1,,,,1
"Formão Chanfrado com Cabo PVC 1 Bestfer""",,,,,,1,,1
Fixador de Pedras Pedrafix Transit 1L - Pulo do Gato,,,,,,1,,1
Fixa Pedra 5L Iva Garden,,1,,,,,,1
Fita Multiuso Líquida para Telhados - SOS Telhas 18KG Cerâmica Telha,,1,,,,,,1
Fita Multiuso Líquida para Telhados - SOS Telhas 18KG Branco,,1,,,,,,1
Fita Metalizada de PVC de 6MM com Autocolante Dourado - Por Metro,,,,1,,,,1
Fita Metalizada de PVC de 15MM com Autocolante Dourado - Por Metro,1,,,,,,,1
Fita Metalizada de PVC de 15MM com Autocolante Cromada - Por Metro,,1,,,,,,1
Fita Metalizada de PVC de 11MM com Autocolante Dourado - Por Metro,,,,1,,,,1
"Fita Adesiva Magnética 25,4mm x 3m Vonder",,1,,,,,,1
Esponja para Efeitos Texturas Condor,1,,,,,,,1
Espátula para Gesso Macia 24CM L'outil Parfait,1,,,,,,,1
Espátula de Plástico para Massa 9x13CM Roma,,,1,,,,,1
Espátula Angular Flexível para Canto L'outil Parfait,1,,,,,,,1
Esmalte Marítimo Sobre Ferrugem 900G Preto Chassis SB - Pulo do Gato,,,,,,1,,1
"Esmalte Marítimo Sobre Ferrugem 3,6KG Cinza Médio - Pulo do Gato",,1,,,,,,1
Escova de Aço C/ Cabo e Raspador Condor,,,1,,,,,1
Elastment White - Cimento Termoelástico Redutor de Temperatura 15KG,,,,1,,,,1
Elastment Smart Cimento Additive - Polímero Acrílico Elastomérico 18KG,1,,,,,,,1
Elastment Rapid Cure Protetor de Armadura 1KG,,,,,,1,,1
Elastment Baldrame + Áreas Frias - Impermeabilizante Bicomponente Flexível de Alto Desempenho 8KG,,,,,,1,,1
Drymanta G60 10M,,,,1,,,,1
Disco de Lixa Abranet Ace 7'' / 178MM P80 Mirka,,1,,,,,,1
Disco de Lixa Abranet Ace 7'' / 178MM P180 Mirka,,1,,,,,,1
Disco de Lixa Abranet Ace 6 ''/ 150MM P150 Mirka - 1 un ,1,,,,,,,1
Disco Cogumelo de 8cm Grão 36 Cupins de Aço,,1,,,,,,1
Disco Cogumelo de 8cm Grão 16 Cupins de Aço,1,,,,,,,1
Disco Cogumelo de 6cm Grão 36 Cupins de Aço,,,,,1,,,1
Disco Cogumelo de 6cm Diamante Negro Grão 36 Cupins de Aço,,1,,,,,,1
Disco Cogumelo de 10cm Grão 36 Cupins de Aço,,,,,,1,,1
Disco Cogumelo de 10cm Diamante Negro Grão 16 Cupins de Aço,,,,1,,,,1
Disco Cogumelo Abaulada de 8cm Grão 36 Cupins de Aço,1,,,,,,,1
Disco Cogumelo Abaulada de 8cm Grão 16 Cupins de Aço,,,,,1,,,1
Desengripante Profissional de Alta Performance 500ML Sieger,,,,,,1,,1
Desempenadeira de Punho Mirkaflex para Massa Corrida 35x11cm Mirka,1,,,,,,,1
Desempenadeira de Efeitos Metálica Atlas,,,1,,,,,1
Desempenadeira de Aço Inox Pro 16x10CM Roma,,,1,,,,,1
Cristal Borracha Liquida para Telhados e Fachadas 4KG Branco,1,,,,,,,1
Cristal Borracha Liquida Cimenticia 4KG Cinza,,1,,,,,,1
Concrete Stain 3.6L Branco,,,,,,,1,1
Concrete Stain 250ML Barra de Ferro,,,,,,1,,1
Concrete  Stain 250ML Nanquim Tratada,,,,,,1,,1
"Colher de Pedreiro 8 Roma""",,1,,,,,,1
"Cola para Piso Vinilico Almaflex 3,5KG",,1,,,,,,1
Cola Gel Transparente Multiuso Almaflex 500G,,1,,,,,,1
Cola Gel Transparente Multiuso Almaflex 1KG,,,1,,,,,1
"Cola de Tack Permanente AC12000 3,6L",,,,,1,,,1
Cola Branca Universal Almaflex 1KG,,,,1,,,,1
Cola  para gesso 3D AC 5000 5KG,,,,1,,,,1
Cimento Queimado Elastment Marrom 18kg,,1,,,,,,1
Cimento Queimado Elastment Marfim 18kg,1,,,,,,,1
Cimento Queimado Elastment Cinza Claro 18kg,,1,,,,,,1
Cimento Elástico Elastment 4KG Azul Piscina,,,,1,,,,1
Calça Blessed Worker,,,,1,,,,1
Broxa para Pintura Jumbo 18x8 cm Atlas,1,,,,,,,1
Bandeja Limpeza de Pinceis Condor,,,,,,1,,1
"Azulejo Liquido Cristal 3,5KG Brilhante Prata",,,1,,,,,1
"Azulejo Liquido Cristal 3,5KG Brilhante Granizo",,,,,,1,,1
"Azulejo Liquido Cristal 3,5KG Brilhante Creme de Avelã",,,,,,1,,1
Aspirador de Pó 1025 L 230V Compacto Mirka,,,1,,,,,1
Aplicador e Raspador para Silicone,,,,,,1,,1
Aplicador de Cola 450ML Milescraft,,,,,1,,,1
Antiderrapante Liquido Para Pets Contra Quedas 250G Incolor,,1,,,,,,1
Antiderrapante Líquido Contra Quedas Industrial 4KG Incolor,1,,,,,,,1
Antiderrapante Líquido Contra Quedas 4KG Preto,,1,,,,,,1
Antiderrapante Líquido Contra Quedas 250G Preto,,1,,,,,,1
Antiderrapante Líquido Contra Quedas 250G Cinza Médio,,,,,,1,,1
Antiderrapante Líquido Contra Quedas 1KG Preto,,,,,,1,,1
Antiderrapante Líquido Contra Quedas 1KG Cinza Médio,,,,,1,,,1
Aguarrás Solvente Mineral Premium 500ml Cristal,,,,1,,,,1
Aditivo para Chapisco Chapiskola Flex 18KG - Pulo do Gato,,,,,,1,,1
"Acqua Shine 740G Atóxico Wood Wood - Proteção, Brilho e Acabamento",,,,,,1,,1
"2 Colas para Madeira  Wood Wood 1,1KG",,1,,,,,,1
Total geral,1049,1226,1138,1936,1259,990,21,7619